{"referredEntities":{"67c2f8d0-86e3-4eae-bbfd-e1c4099b9dde":{"typeName":"hive_db_ddl","attributes":{"serviceType":"hive","replicatedTo":null,"replicatedFrom":null,"qualifiedName":"oct1db@cm:1727819911755","queryText":"create database oct1db","execTime":1727819911755,"userName":"admin"},"guid":"67c2f8d0-86e3-4eae-bbfd-e1c4099b9dde","isIncomplete":false,"status":"ACTIVE","createdBy":"admin","updatedBy":"admin","createTime":1727819912616,"updateTime":1727819912616,"version":0,"relationshipAttributes":{"meanings":[],"db":{"guid":"48885110-49f9-409a-9e2e-8f536a6a3f49","typeName":"hive_db","entityStatus":"ACTIVE","displayText":"oct1db","relationshipType":"hive_db_ddl_queries","relationshipGuid":"5a854b07-f89f-483b-88d5-3c9662912414","relationshipStatus":"ACTIVE","relationshipAttributes":{"typeName":"hive_db_ddl_queries"},"qualifiedName":"oct1db@cm"}},"labels":[]}},"entity":{"typeName":"hive_db","attributes":{"owner":"hive","ownerType":"USER","managedLocation":null,"replicatedTo":null,"userDescription":null,"replicatedFrom":null,"qualifiedName":"oct1db@cm","displayName":null,"description":null,"clusterName":"cm","name":"oct1db","location":"hdfs://ccycloud-1.dt7218.root.comops.site:8020/warehouse/tablespace/external/hive/oct1db.db","parameters":{}},"guid":"48885110-49f9-409a-9e2e-8f536a6a3f49","isIncomplete":false,"status":"ACTIVE","createdBy":"hive","updatedBy":"hive","createTime":1727819911939,"updateTime":1727820000985,"version":0,"relationshipAttributes":{"managedLocationPath":null,"tables":[{"guid":"fff1dea8-8cb4-4349-920c-adb7b72ffc0b","typeName":"hive_table","entityStatus":"ACTIVE","displayText":"oct1tb1","relationshipType":"hive_table_db","relationshipGuid":"b6c53bd2-2418-4296-a405-ca7fd7905f39","relationshipStatus":"ACTIVE","relationshipAttributes":{"typeName":"hive_table_db"},"qualifiedName":"oct1db.oct1tb1@cm"},{"guid":"ef508e82-1b76-4c8f-a7f5-35cab3a4bed0","typeName":"hive_table","entityStatus":"ACTIVE","displayText":"oct1tb2","relationshipType":"hive_table_db","relationshipGuid":"05091134-69cd-4646-b912-b0a83e0df175","relationshipStatus":"ACTIVE","relationshipAttributes":{"typeName":"hive_table_db"},"qualifiedName":"oct1db.oct1tb2@cm"}],"ddlQueries":[{"guid":"67c2f8d0-86e3-4eae-bbfd-e1c4099b9dde","typeName":"hive_db_ddl","entityStatus":"ACTIVE","displayText":"oct1db@cm:1727819911755","relationshipType":"hive_db_ddl_queries","relationshipGuid":"5a854b07-f89f-483b-88d5-3c9662912414","relationshipStatus":"ACTIVE","relationshipAttributes":{"typeName":"hive_db_ddl_queries"},"qualifiedName":"oct1db@cm:1727819911755"}],"meanings":[],"locationPath":{"guid":"9561c3d0-3468-48c3-988b-b8d6d6bce6b4","typeName":"hdfs_path","entityStatus":"ACTIVE","displayText":"/warehouse/tablespace/external/hive/oct1db.db","relationshipType":"hive_db_location","relationshipGuid":"3303cba1-e568-4996-b30c-ce56da7df288","relationshipStatus":"ACTIVE","relationshipAttributes":{"typeName":"hive_db_location"},"qualifiedName":"hdfs://ccycloud-1.dt7218.root.comops.site:8020/warehouse/tablespace/external/hive/oct1db.db@cm"}},"labels":[]}}