{"referredEntities":{},"entity":{"typeName":"hdfs_path","attributes":{"owner":null,"modifiedTime":0,"replicatedTo":null,"userDescription":null,"isFile":false,"numberOfReplicas":0,"replicatedFrom":null,"qualifiedName":"hdfs://ccycloud-1.dt7218.root.comops.site:8020/warehouse/tablespace/external/hive/oct1db.db@cm","displayName":null,"description":null,"extendedAttributes":null,"nameServiceId":null,"path":"hdfs://ccycloud-1.dt7218.root.comops.site:8020/warehouse/tablespace/external/hive/oct1db.db","posixPermissions":null,"createTime":0,"fileSize":0,"clusterName":"cm","name":"/warehouse/tablespace/external/hive/oct1db.db","isSymlink":false,"group":null},"guid":"9561c3d0-3468-48c3-988b-b8d6d6bce6b4","isIncomplete":false,"status":"ACTIVE","createdBy":"hive","updatedBy":"hive","createTime":1727819911939,"updateTime":1727819911939,"version":0,"relationshipAttributes":{"inputToProcesses":[],"pipeline":null,"schema":[],"hiveDb":{"guid":"48885110-49f9-409a-9e2e-8f536a6a3f49","typeName":"hive_db","entityStatus":"ACTIVE","displayText":"oct1db","relationshipType":"hive_db_location","relationshipGuid":"3303cba1-e568-4996-b30c-ce56da7df288","relationshipStatus":"ACTIVE","relationshipAttributes":{"typeName":"hive_db_location"},"qualifiedName":"oct1db@cm"},"model":null,"meanings":[],"outputFromProcesses":[]},"labels":[]}}