{"request":{"itemsToExport":[{"typeName":"hive_db","uniqueAttributes":{"qualifiedName":"oct1db@cm"}}],"options":{"fetchType":"full"},"fetchTypeOptionValue":"full","skipLineageOptionValue":false,"changeTokenFromOptions":0},"userName":"admin","clientIpAddress":"10.19.9.96","hostName":"10.140.59.13","timeStamp":1727820179576,"metrics":{"duration":41970,"entity:withExtInfo":4,"entity:hive_table_ddl":2,"entity:hdfs_path":1,"entity:hive_db":1,"entity:hive_table":2,"entity:hive_column":2,"entity:hive_db_ddl":1,"entity:hive_storagedesc":2},"operationStatus":"SUCCESS","sourceClusterName":"cm","changeMarker":1727733362019}