{"referredEntities":{"8a8c1513-dfbf-4c19-968c-6d187a264cb8":{"typeName":"hive_table_ddl","attributes":{"serviceType":"hive","replicatedTo":null,"replicatedFrom":null,"qualifiedName":"oct1db.oct1tb2@cm:1727820000945","queryText":"\ncreate table oct1tb2(column1 string)","execTime":1727820000945,"userName":"admin"},"guid":"8a8c1513-dfbf-4c19-968c-6d187a264cb8","isIncomplete":false,"status":"ACTIVE","createdBy":"admin","updatedBy":"admin","createTime":1727820001146,"updateTime":1727820001146,"version":0,"relationshipAttributes":{"meanings":[],"table":{"guid":"ef508e82-1b76-4c8f-a7f5-35cab3a4bed0","typeName":"hive_table","entityStatus":"ACTIVE","displayText":"oct1tb2","relationshipType":"hive_table_ddl_queries","relationshipGuid":"7a589842-48f5-481c-aa6b-a7cd81bd16bc","relationshipStatus":"ACTIVE","relationshipAttributes":{"typeName":"hive_table_ddl_queries"},"qualifiedName":"oct1db.oct1tb2@cm"}},"labels":[]},"8b62323d-1d26-4d4b-91d9-6105ccfcb2f6":{"typeName":"hive_storagedesc","attributes":{"replicatedTo":null,"replicatedFrom":null,"qualifiedName":"oct1db.oct1tb2@cm_storage","inputFormat":"org.apache.hadoop.hive.ql.io.orc.OrcInputFormat","bucketCols":null,"sortCols":[],"storedAsSubDirectories":false,"location":"hdfs://ccycloud-1.dt7218.root.comops.site:8020/warehouse/tablespace/managed/hive/oct1db.db/oct1tb2","compressed":false,"outputFormat":"org.apache.hadoop.hive.ql.io.orc.OrcOutputFormat","parameters":{},"serdeInfo":{"typeName":"hive_serde","attributes":{"serializationLib":"org.apache.hadoop.hive.ql.io.orc.OrcSerde","name":null,"parameters":{"serialization.format":"1"}}},"table":{"guid":"ef508e82-1b76-4c8f-a7f5-35cab3a4bed0","typeName":"hive_table"},"numBuckets":-1},"guid":"8b62323d-1d26-4d4b-91d9-6105ccfcb2f6","isIncomplete":false,"status":"ACTIVE","createdBy":"hive","updatedBy":"hive","createTime":1727820000985,"updateTime":1727820000985,"version":0,"relationshipAttributes":{"meanings":[],"table":{"guid":"ef508e82-1b76-4c8f-a7f5-35cab3a4bed0","typeName":"hive_table","entityStatus":"ACTIVE","displayText":"oct1tb2","relationshipType":"hive_table_storagedesc","relationshipGuid":"ecc79586-da80-445f-8c6a-2eb9f8d00cff","relationshipStatus":"ACTIVE","relationshipAttributes":{"typeName":"hive_table_storagedesc"},"qualifiedName":"oct1db.oct1tb2@cm"}},"labels":[]},"cf8eed0c-dd56-49e3-b125-ce48c6c235ae":{"typeName":"hive_column","attributes":{"owner":"hive","replicatedTo":null,"userDescription":null,"replicatedFrom":null,"qualifiedName":"oct1db.oct1tb2.column1@cm","displayName":null,"name":"column1","description":null,"comment":null,"position":0,"type":"string","table":{"guid":"ef508e82-1b76-4c8f-a7f5-35cab3a4bed0","typeName":"hive_table"}},"guid":"cf8eed0c-dd56-49e3-b125-ce48c6c235ae","isIncomplete":false,"status":"ACTIVE","createdBy":"hive","updatedBy":"hive","createTime":1727820000985,"updateTime":1727820000985,"version":0,"relationshipAttributes":{"inputToProcesses":[],"pipeline":null,"schema":[],"model":null,"meanings":[],"table":{"guid":"ef508e82-1b76-4c8f-a7f5-35cab3a4bed0","typeName":"hive_table","entityStatus":"ACTIVE","displayText":"oct1tb2","relationshipType":"hive_table_columns","relationshipGuid":"d18de186-edc1-4828-b9fd-ce343d816f56","relationshipStatus":"ACTIVE","relationshipAttributes":{"typeName":"hive_table_columns"},"qualifiedName":"oct1db.oct1tb2@cm"},"outputFromProcesses":[]},"labels":[]}},"entity":{"typeName":"hive_table","attributes":{"owner":"hive","temporary":false,"lastAccessTime":1727820000000,"aliases":null,"replicatedTo":null,"userDescription":null,"replicatedFrom":null,"qualifiedName":"oct1db.oct1tb2@cm","displayName":null,"columns":[{"guid":"cf8eed0c-dd56-49e3-b125-ce48c6c235ae","typeName":"hive_column"}],"description":null,"viewExpandedText":null,"tableType":"MANAGED_TABLE","sd":{"guid":"8b62323d-1d26-4d4b-91d9-6105ccfcb2f6","typeName":"hive_storagedesc"},"rewriteEnable":null,"createTime":1727820000000,"name":"oct1tb2","comment":null,"partitionKeys":[],"parameters":{"totalSize":"0","numRows":"0","rawDataSize":"0","transactional_properties":"default","COLUMN_STATS_ACCURATE":"{\"BASIC_STATS\":\"true\",\"COLUMN_STATS\":{\"column1\":\"true\"}}","numFiles":"0","transient_lastDdlTime":"1727820000","bucketing_version":"2","numFilesErasureCoded":"0","transactional":"true"},"retention":0,"viewOriginalText":null,"db":{"guid":"48885110-49f9-409a-9e2e-8f536a6a3f49","typeName":"hive_db"}},"guid":"ef508e82-1b76-4c8f-a7f5-35cab3a4bed0","isIncomplete":false,"status":"ACTIVE","createdBy":"hive","updatedBy":"admin","createTime":1727820000985,"updateTime":1727820001146,"version":0,"relationshipAttributes":{"inputToProcesses":[],"pipeline":null,"schema":[],"sd":{"guid":"8b62323d-1d26-4d4b-91d9-6105ccfcb2f6","typeName":"hive_storagedesc","entityStatus":"ACTIVE","displayText":"oct1db.oct1tb2@cm_storage","relationshipType":"hive_table_storagedesc","relationshipGuid":"ecc79586-da80-445f-8c6a-2eb9f8d00cff","relationshipStatus":"ACTIVE","relationshipAttributes":{"typeName":"hive_table_storagedesc"},"qualifiedName":"oct1db.oct1tb2@cm_storage"},"ddlQueries":[{"guid":"8a8c1513-dfbf-4c19-968c-6d187a264cb8","typeName":"hive_table_ddl","entityStatus":"ACTIVE","displayText":"oct1db.oct1tb2@cm:1727820000945","relationshipType":"hive_table_ddl_queries","relationshipGuid":"7a589842-48f5-481c-aa6b-a7cd81bd16bc","relationshipStatus":"ACTIVE","relationshipAttributes":{"typeName":"hive_table_ddl_queries"},"qualifiedName":"oct1db.oct1tb2@cm:1727820000945"}],"columns":[{"guid":"cf8eed0c-dd56-49e3-b125-ce48c6c235ae","typeName":"hive_column","entityStatus":"ACTIVE","displayText":"column1","relationshipType":"hive_table_columns","relationshipGuid":"d18de186-edc1-4828-b9fd-ce343d816f56","relationshipStatus":"ACTIVE","relationshipAttributes":{"typeName":"hive_table_columns"},"qualifiedName":"oct1db.oct1tb2.column1@cm"}],"model":null,"partitionKeys":[],"meanings":[],"db":{"guid":"48885110-49f9-409a-9e2e-8f536a6a3f49","typeName":"hive_db","entityStatus":"ACTIVE","displayText":"oct1db","relationshipType":"hive_table_db","relationshipGuid":"05091134-69cd-4646-b912-b0a83e0df175","relationshipStatus":"ACTIVE","relationshipAttributes":{"typeName":"hive_table_db"},"qualifiedName":"oct1db@cm"},"outputFromProcesses":[]},"labels":[]}}