{"referredEntities":{"f4007bb8-baa3-4afc-b693-4be96102d7a8":{"typeName":"hive_storagedesc","attributes":{"replicatedTo":null,"replicatedFrom":null,"qualifiedName":"oct1db.oct1tb1@cm_storage","inputFormat":"org.apache.hadoop.hive.ql.io.orc.OrcInputFormat","bucketCols":null,"sortCols":[],"storedAsSubDirectories":false,"location":"hdfs://ccycloud-1.dt7218.root.comops.site:8020/warehouse/tablespace/managed/hive/oct1db.db/oct1tb1","compressed":false,"outputFormat":"org.apache.hadoop.hive.ql.io.orc.OrcOutputFormat","parameters":{},"serdeInfo":{"typeName":"hive_serde","attributes":{"serializationLib":"org.apache.hadoop.hive.ql.io.orc.OrcSerde","name":null,"parameters":{"serialization.format":"1"}}},"table":{"guid":"fff1dea8-8cb4-4349-920c-adb7b72ffc0b","typeName":"hive_table"},"numBuckets":-1},"guid":"f4007bb8-baa3-4afc-b693-4be96102d7a8","isIncomplete":false,"status":"ACTIVE","createdBy":"hive","updatedBy":"hive","createTime":1727819995356,"updateTime":1727819995356,"version":0,"relationshipAttributes":{"meanings":[],"table":{"guid":"fff1dea8-8cb4-4349-920c-adb7b72ffc0b","typeName":"hive_table","entityStatus":"ACTIVE","displayText":"oct1tb1","relationshipType":"hive_table_storagedesc","relationshipGuid":"68a4fe42-b744-4b89-aff0-d15c1b414fa8","relationshipStatus":"ACTIVE","relationshipAttributes":{"typeName":"hive_table_storagedesc"},"qualifiedName":"oct1db.oct1tb1@cm"}},"labels":[]},"a6055948-95d0-4c9b-9302-d79e20a85d6b":{"typeName":"hive_column","attributes":{"owner":"hive","replicatedTo":null,"userDescription":null,"replicatedFrom":null,"qualifiedName":"oct1db.oct1tb1.column1@cm","displayName":null,"name":"column1","description":null,"comment":null,"position":0,"type":"string","table":{"guid":"fff1dea8-8cb4-4349-920c-adb7b72ffc0b","typeName":"hive_table"}},"guid":"a6055948-95d0-4c9b-9302-d79e20a85d6b","isIncomplete":false,"status":"ACTIVE","createdBy":"hive","updatedBy":"hive","createTime":1727819995356,"updateTime":1727819995356,"version":0,"relationshipAttributes":{"inputToProcesses":[],"pipeline":null,"schema":[],"model":null,"meanings":[],"table":{"guid":"fff1dea8-8cb4-4349-920c-adb7b72ffc0b","typeName":"hive_table","entityStatus":"ACTIVE","displayText":"oct1tb1","relationshipType":"hive_table_columns","relationshipGuid":"4c5a1fee-c650-4350-add8-d83f6927a118","relationshipStatus":"ACTIVE","relationshipAttributes":{"typeName":"hive_table_columns"},"qualifiedName":"oct1db.oct1tb1@cm"},"outputFromProcesses":[]},"labels":[]},"54d04754-a4db-4cfa-95e8-71f72486ea60":{"typeName":"hive_table_ddl","attributes":{"serviceType":"hive","replicatedTo":null,"replicatedFrom":null,"qualifiedName":"oct1db.oct1tb1@cm:1727819991773","queryText":"\ncreate table oct1tb1(column1 string)","execTime":1727819991773,"userName":"admin"},"guid":"54d04754-a4db-4cfa-95e8-71f72486ea60","isIncomplete":false,"status":"ACTIVE","createdBy":"admin","updatedBy":"admin","createTime":1727819995526,"updateTime":1727819995526,"version":0,"relationshipAttributes":{"meanings":[],"table":{"guid":"fff1dea8-8cb4-4349-920c-adb7b72ffc0b","typeName":"hive_table","entityStatus":"ACTIVE","displayText":"oct1tb1","relationshipType":"hive_table_ddl_queries","relationshipGuid":"386e2a3f-38d0-4a72-8cf4-f7d3f924fd05","relationshipStatus":"ACTIVE","relationshipAttributes":{"typeName":"hive_table_ddl_queries"},"qualifiedName":"oct1db.oct1tb1@cm"}},"labels":[]}},"entity":{"typeName":"hive_table","attributes":{"owner":"hive","temporary":false,"lastAccessTime":1727819995000,"aliases":null,"replicatedTo":null,"userDescription":null,"replicatedFrom":null,"qualifiedName":"oct1db.oct1tb1@cm","displayName":null,"columns":[{"guid":"a6055948-95d0-4c9b-9302-d79e20a85d6b","typeName":"hive_column"}],"description":null,"viewExpandedText":null,"tableType":"MANAGED_TABLE","sd":{"guid":"f4007bb8-baa3-4afc-b693-4be96102d7a8","typeName":"hive_storagedesc"},"rewriteEnable":null,"createTime":1727819995000,"name":"oct1tb1","comment":null,"partitionKeys":[],"parameters":{"totalSize":"0","numRows":"0","rawDataSize":"0","transactional_properties":"default","COLUMN_STATS_ACCURATE":"{\"BASIC_STATS\":\"true\",\"COLUMN_STATS\":{\"column1\":\"true\"}}","numFiles":"0","transient_lastDdlTime":"1727819995","bucketing_version":"2","numFilesErasureCoded":"0","transactional":"true"},"retention":0,"viewOriginalText":null,"db":{"guid":"48885110-49f9-409a-9e2e-8f536a6a3f49","typeName":"hive_db"}},"guid":"fff1dea8-8cb4-4349-920c-adb7b72ffc0b","isIncomplete":false,"status":"ACTIVE","createdBy":"hive","updatedBy":"admin","createTime":1727819995356,"updateTime":1727819995526,"version":0,"relationshipAttributes":{"inputToProcesses":[],"pipeline":null,"schema":[],"sd":{"guid":"f4007bb8-baa3-4afc-b693-4be96102d7a8","typeName":"hive_storagedesc","entityStatus":"ACTIVE","displayText":"oct1db.oct1tb1@cm_storage","relationshipType":"hive_table_storagedesc","relationshipGuid":"68a4fe42-b744-4b89-aff0-d15c1b414fa8","relationshipStatus":"ACTIVE","relationshipAttributes":{"typeName":"hive_table_storagedesc"},"qualifiedName":"oct1db.oct1tb1@cm_storage"},"ddlQueries":[{"guid":"54d04754-a4db-4cfa-95e8-71f72486ea60","typeName":"hive_table_ddl","entityStatus":"ACTIVE","displayText":"oct1db.oct1tb1@cm:1727819991773","relationshipType":"hive_table_ddl_queries","relationshipGuid":"386e2a3f-38d0-4a72-8cf4-f7d3f924fd05","relationshipStatus":"ACTIVE","relationshipAttributes":{"typeName":"hive_table_ddl_queries"},"qualifiedName":"oct1db.oct1tb1@cm:1727819991773"}],"columns":[{"guid":"a6055948-95d0-4c9b-9302-d79e20a85d6b","typeName":"hive_column","entityStatus":"ACTIVE","displayText":"column1","relationshipType":"hive_table_columns","relationshipGuid":"4c5a1fee-c650-4350-add8-d83f6927a118","relationshipStatus":"ACTIVE","relationshipAttributes":{"typeName":"hive_table_columns"},"qualifiedName":"oct1db.oct1tb1.column1@cm"}],"model":null,"partitionKeys":[],"meanings":[],"db":{"guid":"48885110-49f9-409a-9e2e-8f536a6a3f49","typeName":"hive_db","entityStatus":"ACTIVE","displayText":"oct1db","relationshipType":"hive_table_db","relationshipGuid":"b6c53bd2-2418-4296-a405-ca7fd7905f39","relationshipStatus":"ACTIVE","relationshipAttributes":{"typeName":"hive_table_db"},"qualifiedName":"oct1db@cm"},"outputFromProcesses":[]},"labels":[]}}